ticker,base,quote,exchange,price,ask,bid,spread,volume
eth-btc,eth,btc,binance,0.027148,0.027155,0.027148,7.000000000000062e-06,443569.586
ltc-btc,ltc,btc,binance,0.012335,0.012342,0.012335,7.000000000000062e-06,533530.32
bnb-btc,bnb,btc,binance,0.0029274,0.002929,0.0029276,1.4000000000003593e-06,3446141.16
neo-btc,neo,btc,binance,0.001373,0.001374,0.001373,9.999999999999159e-07,622598.85
qtum-eth,qtum,eth,binance,0.012985,0.013072,0.012971,0.0001010000000000004,72376.99
eos-eth,eos,eth,binance,0.028507,0.028574,0.028487,8.700000000000027e-05,456408.44
snt-eth,snt,eth,binance,0.00011889,0.00012022,0.0001185,1.7200000000000039e-06,1245460.0
bnt-eth,bnt,eth,binance,0.003214,0.003213,0.003161,5.199999999999996e-05,38808.06
bcc-btc,bcc,btc,binance,0.0,0.0,0.0,0.0,0.0
gas-btc,gas,btc,binance,0.000371,0.000373,0.000371,1.9999999999999944e-06,195674.06
bnb-eth,bnb,eth,binance,0.107877,0.108062,0.107776,0.00028600000000000847,224314.74
btc-usd,btc,usd,binance,7179.12,7181.32,7179.13,2.1899999999996,74835.084679
eth-usd,eth,usd,binance,194.86,194.86,194.72,0.14000000000001478,902605.14133
hsr-btc,hsr,btc,binance,0.0,0.0,0.0,0.0,0.0
oax-eth,oax,eth,binance,0.0008839,0.0008912,0.0008782,1.299999999999999e-05,394223.0
dnt-eth,dnt,eth,binance,7.666e-05,7.752e-05,7.69e-05,6.200000000000042e-07,2654199.0
mco-eth,mco,eth,binance,0.025202,0.025474,0.025057,0.0004170000000000007,21349.01
icn-eth,icn,eth,binance,0.0,0.0,0.0,0.0,0.0
mco-btc,mco,btc,binance,0.000683,0.000683,0.000681,2.0000000000000486e-06,131958.29
wtc-btc,wtc,btc,binance,0.0002755,0.0002763,0.0002748,1.4999999999999823e-06,1470039.79
wtc-eth,wtc,eth,binance,0.010181,0.01021,0.010061,0.00014899999999999983,66372.32
lrc-btc,lrc,btc,binance,8.11e-06,8.11e-06,8.07e-06,3.999999999999962e-08,6772299.0
lrc-eth,lrc,eth,binance,0.00029561,0.00029969,0.00029577,3.92000000000003e-06,884524.0
qtum-btc,qtum,btc,binance,0.000355,0.000355,0.000353,1.9999999999999944e-06,610037.08
yoyo-btc,yoyo,btc,binance,2.52e-06,2.53e-06,2.51e-06,1.999999999999981e-08,19210270.0
omg-btc,omg,btc,binance,0.000245,0.000246,0.000245,1.0000000000000243e-06,663026.72
omg-eth,omg,eth,binance,0.009089,0.009108,0.009028,8.000000000000021e-05,113771.94
zrx-btc,zrx,btc,binance,4.07e-05,4.082e-05,4.07e-05,1.1999999999999885e-07,6109350.0
zrx-eth,zrx,eth,binance,0.00148803,0.00150773,0.0014896,1.81300000000001e-05,792354.0
strat-btc,strat,btc,binance,0.0001193,0.0001194,0.000119,3.9999999999999617e-07,758610.69
strat-eth,strat,eth,binance,0.004404,0.00441,0.004382,2.8000000000000247e-05,98915.13
sngls-btc,sngls,btc,binance,1.99e-06,2e-06,1.99e-06,9.999999999999904e-09,12678454.0
sngls-eth,sngls,eth,binance,7.341e-05,7.401e-05,7.283e-05,1.1799999999999989e-06,2067430.0
bqx-btc,bqx,btc,binance,1.67e-05,1.669e-05,1.663e-05,6.000000000000281e-08,10725807.0
bqx-eth,bqx,eth,binance,0.0006137,0.0006302,0.0006128,1.739999999999999e-05,652529.0
knc-btc,knc,btc,binance,3.102e-05,3.111e-05,3.101e-05,9.999999999999565e-08,1317260.0
knc-eth,knc,eth,binance,0.0011451,0.0011544,0.00114,1.4400000000000133e-05,326162.0
fun-btc,fun,btc,binance,7.8e-07,7.9e-07,7.8e-07,9.999999999999904e-09,39118665.0
fun-eth,fun,eth,binance,2.914e-05,2.92e-05,2.873e-05,4.700000000000006e-07,11042378.0
snm-btc,snm,btc,binance,3.77e-06,3.77e-06,3.76e-06,9.999999999999904e-09,6317288.0
snm-eth,snm,eth,binance,0.00013931,0.00013931,0.00013834,9.699999999999856e-07,1426390.0
neo-eth,neo,eth,binance,0.050504,0.050658,0.050457,0.0002009999999999998,32206.71
iota-btc,iota,btc,binance,4.355e-05,4.355e-05,4.348e-05,7.000000000000441e-08,10599650.0
iota-eth,iota,eth,binance,0.00160438,0.00161075,0.00160052,1.0229999999999961e-05,1172951.0
link-btc,link,btc,binance,9.58e-05,9.588e-05,9.559e-05,2.899999999999989e-07,9523317.0
link-eth,link,eth,binance,0.00352483,0.00355143,0.00352484,2.6589999999999947e-05,915596.0
xvg-btc,xvg,btc,binance,1.05e-06,1.05e-06,1.04e-06,9.999999999999904e-09,156004100.0
xvg-eth,xvg,eth,binance,3.877e-05,3.869e-05,3.84e-05,2.899999999999989e-07,16719693.0
salt-btc,salt,btc,binance,0.0,0.0,0.0,0.0,0.0
salt-eth,salt,eth,binance,0.0,0.0,0.0,0.0,0.0
mda-btc,mda,btc,binance,0.00011633,0.00011633,0.00011576,5.70000000000003e-07,1278494.0
mda-eth,mda,eth,binance,0.0042803,0.004303,0.0042713,3.1700000000000825e-05,93625.0
mtl-btc,mtl,btc,binance,5.81e-05,5.81e-05,5.8e-05,1.0000000000000243e-07,1055564.72
mtl-eth,mtl,eth,binance,0.002137,0.002171,0.002133,3.800000000000027e-05,123206.6
sub-btc,sub,btc,binance,0.0,0.0,0.0,0.0,0.0
sub-eth,sub,eth,binance,0.0,0.0,0.0,0.0,0.0
eos-btc,eos,btc,binance,0.0007743,0.0007742,0.0007741,9.999999999994822e-08,6805875.22
snt-btc,snt,btc,binance,3.22e-06,3.23e-06,3.22e-06,9.999999999999904e-09,5870228.0
etc-eth,etc,eth,binance,0.031097,0.031097,0.031006,9.10000000000008e-05,29580.18
etc-btc,etc,btc,binance,0.000842,0.000844,0.000842,2.0000000000000486e-06,436855.85
mth-btc,mth,btc,binance,2.65e-06,2.66e-06,2.64e-06,1.999999999999981e-08,18078919.0
mth-eth,mth,eth,binance,9.685e-05,9.849e-05,9.718e-05,1.3099999999999993e-06,1465620.0
eng-btc,eng,btc,binance,6.023e-05,6.057e-05,6.023e-05,3.4000000000000013e-07,637062.0
eng-eth,eng,eth,binance,0.0022417,0.0022511,0.0022207,3.039999999999987e-05,106068.0
dnt-btc,dnt,btc,binance,2.1e-06,2.1e-06,2.09e-06,9.999999999999904e-09,15389298.0
zec-btc,zec,btc,binance,0.008876,0.008881,0.008876,4.999999999999796e-06,41457.334
zec-eth,zec,eth,binance,0.3272,0.32849,0.32657,0.0019199999999999773,2064.83
bnt-btc,bnt,btc,binance,8.606e-05,8.606e-05,8.543e-05,6.29999999999999e-07,213705.0
ast-btc,ast,btc,binance,4.85e-06,4.86e-06,4.84e-06,1.999999999999981e-08,9237480.0
ast-eth,ast,eth,binance,0.0001791,0.0001816,0.0001783,3.299999999999999e-06,1271505.0
dash-btc,dash,btc,binance,0.017163,0.017202,0.017116,8.599999999999927e-05,22285.85
dash-eth,dash,eth,binance,0.63275,0.63686,0.62978,0.007079999999999975,1005.759
oax-btc,oax,btc,binance,2.396e-05,2.396e-05,2.387e-05,9.000000000000083e-08,5082616.0
icn-btc,icn,btc,binance,0.0,0.0,0.0,0.0,0.0
btg-btc,btg,btc,binance,0.003197,0.003222,0.003221,1.0000000000001327e-06,29107.27
btg-eth,btg,eth,binance,0.118154,0.118788,0.117269,0.0015190000000000065,2738.9
evx-btc,evx,btc,binance,9.172e-05,9.229e-05,9.171e-05,5.799999999999978e-07,2308413.0
evx-eth,evx,eth,binance,0.0033828,0.0034388,0.0033828,5.600000000000006e-05,188953.0
req-btc,req,btc,binance,2.86e-06,2.86e-06,2.85e-06,1.0000000000000328e-08,21467433.0
req-eth,req,eth,binance,0.00010472,0.00010565,0.00010476,8.9e-07,5464135.0
vib-btc,vib,btc,binance,5.85e-06,5.87e-06,5.83e-06,3.999999999999962e-08,28574207.0
vib-eth,vib,eth,binance,0.00021285,0.0002167,0.00021439,2.3099999999999965e-06,4173245.0
hsr-eth,hsr,eth,binance,0.0,0.0,0.0,0.0,0.0
trx-btc,trx,btc,binance,3.5e-06,3.51e-06,3.5e-06,9.999999999999904e-09,586134290.0
trx-eth,trx,eth,binance,0.00012937,0.00012954,0.00012903,5.10000000000007e-07,69886096.0
powr-btc,powr,btc,binance,1.518e-05,1.52e-05,1.515e-05,4.999999999999952e-08,3841769.0
powr-eth,powr,eth,binance,0.00056081,0.00056597,0.0005561,9.869999999999931e-06,274458.0
ark-btc,ark,btc,binance,6.91e-05,6.93e-05,6.92e-05,1.0000000000000243e-07,2412266.95
ark-eth,ark,eth,binance,0.002556,0.002562,0.002548,1.4000000000000123e-05,236039.14
yoyo-eth,yoyo,eth,binance,9.313e-05,9.395e-05,9.23e-05,1.6499999999999994e-06,1070238.0
xrp-btc,xrp,btc,binance,4.479e-05,4.482e-05,4.476e-05,6.000000000000281e-08,129763633.0
xrp-eth,xrp,eth,binance,0.00165206,0.00165184,0.00164885,2.989999999999807e-06,5228091.0
mod-btc,mod,btc,binance,0.0,0.0,0.0,0.0,0.0
mod-eth,mod,eth,binance,0.0,0.0,0.0,0.0,0.0
enj-btc,enj,btc,binance,2.055e-05,2.055e-05,2.052e-05,3.000000000000141e-08,71542048.0
enj-eth,enj,eth,binance,0.00075313,0.00076104,0.00075382,7.220000000000056e-06,5704318.0
storj-btc,storj,btc,binance,3.325e-05,3.335e-05,3.325e-05,9.999999999999565e-08,1228012.0
storj-eth,storj,eth,binance,0.001228,0.0012454,0.0012236,2.1799999999999988e-05,135049.0
bnb-usd,bnb,usd,binance,21.0312,21.0427,21.0155,0.027200000000000557,3760905.29
ven-bnb,ven,bnb,binance,0.0,0.0,0.0,0.0,0.0
yoyo-bnb,yoyo,bnb,binance,0.000877,0.000873,0.000855,1.8000000000000004e-05,909675.0
powr-bnb,powr,bnb,binance,0.0052,0.00521,0.00515,6.000000000000016e-05,260665.1
ven-btc,ven,btc,binance,0.0,0.0,0.0,0.0,0.0
ven-eth,ven,eth,binance,0.0,0.0,0.0,0.0,0.0
kmd-btc,kmd,btc,binance,0.0001667,0.0001673,0.0001666,6.999999999999899e-07,801997.2
kmd-eth,kmd,eth,binance,0.006124,0.00617,0.006132,3.799999999999984e-05,69403.87
nuls-bnb,nuls,bnb,binance,0.03088,0.03127,0.03103,0.00024000000000000063,126621.8
rcn-btc,rcn,btc,binance,4.07e-06,4.07e-06,4.06e-06,9.999999999999904e-09,66999624.0
rcn-eth,rcn,eth,binance,0.00014867,0.00015082,0.00014931,1.5100000000000042e-06,3684774.0
rcn-bnb,rcn,bnb,binance,0.001389,0.001392,0.001383,9.00000000000011e-06,7249277.0
nuls-btc,nuls,btc,binance,9.1e-05,9.136e-05,9.1e-05,3.6000000000000333e-07,4185480.0
nuls-eth,nuls,eth,binance,0.00334125,0.00339351,0.00333329,6.022000000000015e-05,126709.0
rdn-btc,rdn,btc,binance,3.739e-05,3.755e-05,3.744e-05,1.0999999999999725e-07,1146251.0
rdn-eth,rdn,eth,binance,0.0013861,0.0013988,0.0013754,2.3400000000000027e-05,199182.0
rdn-bnb,rdn,bnb,binance,0.0128,0.01281,0.01276,4.99999999999997e-05,112649.8
xmr-btc,xmr,btc,binance,0.011034,0.011031,0.011016,1.4999999999999389e-05,36794.174
xmr-eth,xmr,eth,binance,0.40648,0.40688,0.40496,0.0019200000000000328,4273.138
dlt-bnb,dlt,bnb,binance,0.0045,0.00454,0.0045,4.0000000000000105e-05,2067290.3
wtc-bnb,wtc,bnb,binance,0.0941,0.0942,0.0937,0.0005000000000000004,54423.99
dlt-btc,dlt,btc,binance,1.324e-05,1.325e-05,1.322e-05,2.999999999999971e-08,20780022.0
dlt-eth,dlt,eth,binance,0.00048573,0.0004881,0.00048654,1.5600000000000054e-06,1520717.0
amb-btc,amb,btc,binance,5.21e-06,5.22e-06,5.2e-06,1.999999999999981e-08,17012342.0
amb-eth,amb,eth,binance,0.00019145,0.00019271,0.00019027,2.4399999999999834e-06,830969.0
amb-bnb,amb,bnb,binance,0.00175,0.00179,0.00177,1.9999999999999836e-05,833744.2
bcc-eth,bcc,eth,binance,0.0,0.0,0.0,0.0,0.0
bcc-usd,bcc,usd,binance,0.0,0.0,0.0,0.0,0.0
bcc-bnb,bcc,bnb,binance,0.0,0.0,0.0,0.0,0.0
bat-btc,bat,btc,binance,5.299e-05,5.298e-05,5.286e-05,1.1999999999999885e-07,53510126.0
bat-eth,bat,eth,binance,0.00194108,0.00194871,0.00194179,6.919999999999886e-06,2906332.0
bat-bnb,bat,bnb,binance,0.01805,0.01809,0.01805,3.999999999999837e-05,4003295.4
bcpt-btc,bcpt,btc,binance,6e-06,6.02e-06,5.98e-06,3.999999999999962e-08,13944167.0
bcpt-eth,bcpt,eth,binance,0.000221,0.00022539,0.00021995,5.440000000000002e-06,839776.0
bcpt-bnb,bcpt,bnb,binance,0.00206,0.00206,0.00203,3.000000000000008e-05,976984.8
arn-btc,arn,btc,binance,5.382e-05,5.386e-05,5.375e-05,1.1000000000000403e-07,3747779.0
arn-eth,arn,eth,binance,0.00197637,0.00198793,0.00197481,1.3120000000000145e-05,344106.0
gvt-btc,gvt,btc,binance,0.0004302,0.0004301,0.000429,1.0999999999999725e-06,253496.3
gvt-eth,gvt,eth,binance,0.015792,0.016083,0.015808,0.00027500000000000094,33011.92
cdt-btc,cdt,btc,binance,1.15e-06,1.16e-06,1.15e-06,9.999999999999904e-09,31422915.0
cdt-eth,cdt,eth,binance,4.228e-05,4.27e-05,4.214e-05,5.600000000000014e-07,4517658.0
gxs-btc,gxs,btc,binance,0.0001468,0.000147,0.0001466,3.999999999999826e-07,282843.06
gxs-eth,gxs,eth,binance,0.005403,0.005456,0.005401,5.4999999999999494e-05,35216.63
neo-usd,neo,usd,binance,9.848,9.859,9.841,0.018000000000000682,1001324.114
neo-bnb,neo,bnb,binance,0.467,0.469,0.468,0.0009999999999999454,52878.476
poe-btc,poe,btc,binance,6e-07,6e-07,5.9e-07,1.000000000000001e-08,58484728.0
poe-eth,poe,eth,binance,2.207e-05,2.202e-05,2.17e-05,3.200000000000003e-07,4646924.0
qsp-btc,qsp,btc,binance,3.07e-06,3.08e-06,3.07e-06,1.0000000000000328e-08,52164192.0
qsp-eth,qsp,eth,binance,0.0001132,0.00011392,0.00011272,1.1999999999999885e-06,5246737.0
qsp-bnb,qsp,bnb,binance,0.001037,0.001053,0.001041,1.1999999999999858e-05,2863444.0
bts-btc,bts,btc,binance,7.81e-06,7.82e-06,7.8e-06,1.999999999999981e-08,5366105.0
bts-eth,bts,eth,binance,0.00029032,0.00029016,0.00028681,3.35e-06,290718.0
bts-bnb,bts,bnb,binance,0.00267,0.00268,0.00265,3.000000000000008e-05,301484.2
xzc-btc,xzc,btc,binance,0.000958,0.000958,0.000954,3.999999999999989e-06,36971.47
xzc-eth,xzc,eth,binance,0.034989,0.035826,0.034986,0.0008399999999999935,4723.61
xzc-bnb,xzc,bnb,binance,0.324,0.327,0.325,0.0020000000000000018,5638.425
lsk-btc,lsk,btc,binance,0.0002801,0.0002805,0.00028,5.000000000000122e-07,314516.43
lsk-eth,lsk,eth,binance,0.010377,0.010371,0.010293,7.799999999999994e-05,17697.83
lsk-bnb,lsk,bnb,binance,0.0946,0.0964,0.0948,0.0016000000000000042,23320.73
tnt-btc,tnt,btc,binance,2.28e-06,2.29e-06,2.28e-06,9.999999999999904e-09,48626086.0
tnt-eth,tnt,eth,binance,8.427e-05,8.508e-05,8.384e-05,1.2400000000000085e-06,3738937.0
fuel-btc,fuel,btc,binance,1.08e-06,1.09e-06,1.08e-06,9.999999999999904e-09,251712659.0
fuel-eth,fuel,eth,binance,3.986e-05,4.006e-05,3.987e-05,1.899999999999965e-07,53016424.0
mana-btc,mana,btc,binance,6.96e-06,6.96e-06,6.95e-06,9.999999999999904e-09,12565916.0
mana-eth,mana,eth,binance,0.0002564,0.00025793,0.00025541,2.519999999999996e-06,1251037.0
bcd-btc,bcd,btc,binance,0.000133,0.000134,0.000133,9.999999999999972e-07,346583.847
bcd-eth,bcd,eth,binance,0.00495,0.00495,0.00491,4.0000000000000105e-05,51145.757
dgd-btc,dgd,btc,binance,0.005043,0.005041,0.005035,5.999999999999929e-06,38828.717
dgd-eth,dgd,eth,binance,0.18619,0.18669,0.18553,0.0011599999999999944,3335.463
iota-bnb,iota,bnb,binance,0.01478,0.01489,0.01478,0.00011000000000000072,755644.4
adx-btc,adx,btc,binance,1.801e-05,1.807e-05,1.796e-05,1.1000000000000064e-07,3548876.0
adx-eth,adx,eth,binance,0.0006751,0.0006681,0.0006592,8.900000000000054e-06,156492.0
adx-bnb,adx,bnb,binance,0.00615,0.00619,0.00613,6.000000000000016e-05,338320.4
ada-btc,ada,btc,binance,1.057e-05,1.058e-05,1.056e-05,1.999999999999981e-08,388890267.0
ada-eth,ada,eth,binance,0.00039088,0.0003908,0.00038841,2.3900000000000093e-06,17235412.0
ppt-btc,ppt,btc,binance,0.0001512,0.0001512,0.0001505,6.999999999999899e-07,205930.71
ppt-eth,ppt,eth,binance,0.005555,0.005565,0.005544,2.0999999999999318e-05,34864.67
cmt-btc,cmt,btc,binance,4.62e-06,4.63e-06,4.61e-06,1.999999999999981e-08,12464985.0
cmt-eth,cmt,eth,binance,0.00017101,0.00017109,0.00016958,1.509999999999977e-06,2281216.0
cmt-bnb,cmt,bnb,binance,0.00156,0.00159,0.00157,2.0000000000000052e-05,2114799.2
xlm-btc,xlm,btc,binance,1.439e-05,1.439e-05,1.437e-05,1.999999999999981e-08,61504754.0
xlm-eth,xlm,eth,binance,0.00052816,0.00053057,0.00052821,2.3599999999999706e-06,5620020.0
xlm-bnb,xlm,bnb,binance,0.0049,0.00492,0.0049,2.0000000000000052e-05,4992633.0
cnd-btc,cnd,btc,binance,2.31e-06,2.31e-06,2.3e-06,9.999999999999904e-09,17302187.0
cnd-eth,cnd,eth,binance,8.532e-05,8.574e-05,8.371e-05,2.030000000000006e-06,2145078.0
cnd-bnb,cnd,bnb,binance,0.000787,0.000792,0.000787,4.999999999999905e-06,3836432.0
lend-btc,lend,btc,binance,1.08e-06,1.08e-06,1.07e-06,1.0000000000000116e-08,56079157.0
lend-eth,lend,eth,binance,4.035e-05,4.01e-05,3.938e-05,7.199999999999999e-07,3289450.0
wabi-btc,wabi,btc,binance,4.433e-05,4.442e-05,4.418e-05,2.399999999999977e-07,5984362.0
wabi-eth,wabi,eth,binance,0.00164093,0.00163943,0.00162639,1.3040000000000187e-05,305279.0
wabi-bnb,wabi,bnb,binance,0.01517,0.01525,0.01507,0.0001799999999999996,403476.9
ltc-eth,ltc,eth,binance,0.45466,0.45638,0.45345,0.002929999999999988,19741.311
ltc-usd,ltc,usd,binance,88.39,88.54,88.42,0.12000000000000455,923430.46533
ltc-bnb,ltc,bnb,binance,4.21,4.22,4.2,0.019999999999999574,51925.22048
tnb-btc,tnb,btc,binance,6.2e-07,6.3e-07,6.2e-07,1.000000000000001e-08,215881438.0
tnb-eth,tnb,eth,binance,2.336e-05,2.329e-05,2.286e-05,4.299999999999976e-07,10563544.0
waves-btc,waves,btc,binance,0.0003434,0.0003436,0.0003434,2.0000000000000486e-07,15295357.55
waves-eth,waves,eth,binance,0.012604,0.012655,0.012615,4.0000000000000105e-05,589164.62
waves-bnb,waves,bnb,binance,0.1172,0.1173,0.1167,0.0006000000000000033,35997.39
gto-btc,gto,btc,binance,3.6e-06,3.61e-06,3.6e-06,1.0000000000000328e-08,15133950.0
gto-eth,gto,eth,binance,0.00013416,0.00013453,0.0001323,2.230000000000011e-06,977701.0
gto-bnb,gto,bnb,binance,0.00123,0.00124,0.00122,2.0000000000000052e-05,1000705.4
icx-btc,icx,btc,binance,4.85e-05,4.85e-05,4.84e-05,1.0000000000000243e-07,8981456.04
icx-eth,icx,eth,binance,0.001793,0.001794,0.001781,1.299999999999999e-05,633043.7
icx-bnb,icx,bnb,binance,0.01653,0.01663,0.01644,0.0001899999999999992,684488.8
ost-btc,ost,btc,binance,2.99e-06,3e-06,2.99e-06,9.999999999999904e-09,8995636.0
ost-eth,ost,eth,binance,0.00011124,0.00011202,0.00010954,2.4800000000000034e-06,638199.0
ost-bnb,ost,bnb,binance,0.001034,0.001042,0.00102,2.1999999999999884e-05,529157.0
elf-btc,elf,btc,binance,2.312e-05,2.323e-05,2.314e-05,9.000000000000083e-08,4162163.0
elf-eth,elf,eth,binance,0.00085943,0.00085932,0.0008518,7.520000000000009e-06,611929.0
aion-btc,aion,btc,binance,2.97e-05,2.99e-05,2.97e-05,1.9999999999999809e-07,10915139.97
aion-eth,aion,eth,binance,0.0011,0.0011,0.001094,6.000000000000146e-06,1228298.27
aion-bnb,aion,bnb,binance,0.01015,0.0102,0.01011,9.000000000000154e-05,891649.5
nebl-btc,nebl,btc,binance,0.0001812,0.0001823,0.0001814,9.000000000000219e-07,218434.26
nebl-eth,nebl,eth,binance,0.006713,0.006735,0.006636,9.899999999999926e-05,20468.22
nebl-bnb,nebl,bnb,binance,0.0612,0.063,0.06177,0.001230000000000002,41219.2
brd-btc,brd,btc,binance,6.387e-05,6.375e-05,6.371e-05,4.000000000000639e-08,414475.0
brd-eth,brd,eth,binance,0.0023111,0.0023686,0.0023171,5.1499999999999897e-05,42438.0
brd-bnb,brd,bnb,binance,0.02133,0.02198,0.02169,0.0002899999999999986,118802.4
mco-bnb,mco,bnb,binance,0.23006,0.23399,0.232,0.0019899999999999918,10146.5
edo-btc,edo,btc,binance,8.01e-05,8.03e-05,8.01e-05,2.0000000000000486e-07,291809.64
edo-eth,edo,eth,binance,0.002946,0.00297,0.002947,2.3000000000000017e-05,58116.17
wings-btc,wings,btc,binance,0.0,0.0,0.0,0.0,0.0
wings-eth,wings,eth,binance,0.0,0.0,0.0,0.0,0.0
nav-btc,nav,btc,binance,2.59e-05,2.59e-05,2.58e-05,9.999999999999904e-08,673569.83
nav-eth,nav,eth,binance,0.000974,0.000965,0.00095,1.500000000000004e-05,94285.85
nav-bnb,nav,bnb,binance,0.00881,0.00902,0.00879,0.00023000000000000104,115742.2
lun-btc,lun,btc,binance,0.0003275,0.0003272,0.0003255,1.6999999999999871e-06,99051.85
lun-eth,lun,eth,binance,0.012023,0.012248,0.011954,0.00029400000000000086,10410.64
trig-btc,trig,btc,binance,0.0,0.0,0.0,0.0,0.0
trig-eth,trig,eth,binance,0.0,0.0,0.0,0.0,0.0
trig-bnb,trig,bnb,binance,0.0,0.0,0.0,0.0,0.0
appc-btc,appc,btc,binance,9.41e-06,9.41e-06,9.4e-06,9.999999999999904e-09,5655130.0
appc-eth,appc,eth,binance,0.0003466,0.000347,0.0003453,1.6999999999999871e-06,367565.0
appc-bnb,appc,bnb,binance,0.00329,0.00327,0.0032,6.999999999999975e-05,354726.3
vibe-btc,vibe,btc,binance,5.15e-06,5.2e-06,5.16e-06,4.0000000000000464e-08,13658625.0
vibe-eth,vibe,eth,binance,0.0001919,0.000192,0.0001902,1.8000000000000166e-06,1469426.0
rlc-btc,rlc,btc,binance,8.74e-05,8.75e-05,8.74e-05,1.0000000000000243e-07,1718125.83
rlc-eth,rlc,eth,binance,0.003214,0.003228,0.003202,2.599999999999998e-05,153459.83
rlc-bnb,rlc,bnb,binance,0.02971,0.03017,0.02971,0.0004599999999999986,128821.0
ins-btc,ins,btc,binance,4.35e-05,4.36e-05,4.35e-05,1.0000000000000243e-07,2316287.73
ins-eth,ins,eth,binance,0.001602,0.001611,0.001599,1.2000000000000075e-05,369575.58
pivx-btc,pivx,btc,binance,8.6e-05,8.63e-05,8.6e-05,2.9999999999999374e-07,406229.6
pivx-eth,pivx,eth,binance,0.003128,0.003219,0.003133,8.600000000000014e-05,33138.09
pivx-bnb,pivx,bnb,binance,0.02973,0.02973,0.02861,0.0011199999999999995,23002.4
iost-btc,iost,btc,binance,1.85e-06,1.86e-06,1.85e-06,9.999999999999904e-09,512570061.0
iost-eth,iost,eth,binance,6.835e-05,6.862e-05,6.823e-05,3.9000000000000135e-07,22643221.0
chat-btc,chat,btc,binance,0.0,0.0,0.0,0.0,0.0
chat-eth,chat,eth,binance,0.0,0.0,0.0,0.0,0.0
steem-btc,steem,btc,binance,4.58e-05,4.6e-05,4.58e-05,1.9999999999999809e-07,910724.03
steem-eth,steem,eth,binance,0.001664,0.001699,0.001679,2.0000000000000052e-05,132658.0
steem-bnb,steem,bnb,binance,0.01559,0.01574,0.01559,0.00015000000000000083,104461.7
nano-btc,nano,btc,binance,0.0002253,0.0002254,0.0002253,1.0000000000000243e-07,2806375.13
nano-eth,nano,eth,binance,0.008272,0.00832,0.008283,3.699999999999884e-05,194820.41
nano-bnb,nano,bnb,binance,0.0764,0.0771,0.0768,0.0003000000000000086,171869.95
via-btc,via,btc,binance,9.28e-05,9.31e-05,9.28e-05,2.9999999999999374e-07,1185452.44
via-eth,via,eth,binance,0.003418,0.003438,0.003418,2.0000000000000052e-05,81234.73
via-bnb,via,bnb,binance,0.03079,0.0321,0.03135,0.0007499999999999937,82622.5
blz-btc,blz,btc,binance,7.04e-06,7.04e-06,7.01e-06,3.000000000000056e-08,5024911.0
blz-eth,blz,eth,binance,0.0002612,0.00026268,0.00025784,4.8399999999999875e-06,790915.0
blz-bnb,blz,bnb,binance,0.0024,0.0024,0.00239,9.999999999999593e-06,632783.6
ae-btc,ae,btc,binance,6.53e-05,6.54e-05,6.53e-05,1.0000000000000243e-07,1469130.05
ae-eth,ae,eth,binance,0.002416,0.002412,0.002398,1.4000000000000123e-05,166848.59
ae-bnb,ae,bnb,binance,0.02207,0.02234,0.02221,0.00012999999999999817,96106.7
rpx-btc,rpx,btc,binance,0.0,0.0,0.0,0.0,0.0
rpx-eth,rpx,eth,binance,0.0,0.0,0.0,0.0,0.0
rpx-bnb,rpx,bnb,binance,0.0,0.0,0.0,0.0,0.0
ncash-btc,ncash,btc,binance,2.7e-07,2.8e-07,2.7e-07,1.000000000000001e-08,194889214.0
ncash-eth,ncash,eth,binance,1.003e-05,1.003e-05,1e-05,2.999999999999971e-08,26080687.0
ncash-bnb,ncash,bnb,binance,9.2e-05,9.3e-05,9.2e-05,9.999999999999972e-07,30144504.0
poa-btc,poa,btc,binance,3.89e-06,3.89e-06,3.87e-06,1.999999999999981e-08,13328872.0
poa-eth,poa,eth,binance,0.00014245,0.00014385,0.0001424,1.4500000000000081e-06,1729856.0
poa-bnb,poa,bnb,binance,0.00134,0.00134,0.00132,2.0000000000000052e-05,916652.9
zil-btc,zil,btc,binance,2.29e-06,2.3e-06,2.29e-06,9.999999999999904e-09,191897265.0
zil-eth,zil,eth,binance,8.438e-05,8.461e-05,8.413e-05,4.80000000000009e-07,14531613.0
zil-bnb,zil,bnb,binance,0.000781,0.000785,0.000781,3.999999999999989e-06,12286042.0
ont-btc,ont,btc,binance,0.0001687,0.0001687,0.0001684,3.000000000000073e-07,4384619.5
ont-eth,ont,eth,binance,0.006218,0.006219,0.006192,2.7000000000000114e-05,193383.09
ont-bnb,ont,bnb,binance,0.05755,0.05761,0.05747,0.00014000000000000123,257855.4
storm-btc,storm,btc,binance,3.7e-07,3.8e-07,3.7e-07,1.000000000000001e-08,295181545.0
storm-eth,storm,eth,binance,1.37e-05,1.384e-05,1.365e-05,1.8999999999999987e-07,20790483.0
storm-bnb,storm,bnb,binance,0.000127,0.000128,0.000127,9.999999999999972e-07,30565034.0
qtum-bnb,qtum,bnb,binance,0.12057,0.12089,0.12038,0.0005099999999999966,39136.0
qtum-usd,qtum,usd,binance,2.535,2.548,2.534,0.014000000000000234,608550.383
xem-btc,xem,btc,binance,8.33e-06,8.34e-06,8.33e-06,9.999999999999904e-09,21925486.0
xem-eth,xem,eth,binance,0.00031027,0.00030998,0.00030639,3.5899999999999843e-06,1077457.0
xem-bnb,xem,bnb,binance,0.00285,0.00286,0.00284,2.0000000000000052e-05,2108021.0
wan-btc,wan,btc,binance,4.88e-05,4.89e-05,4.87e-05,2.0000000000000486e-07,3964093.53
wan-eth,wan,eth,binance,0.001802,0.001805,0.001791,1.3999999999999907e-05,339767.08
wan-bnb,wan,bnb,binance,0.0167,0.0167,0.01658,0.00011999999999999858,270813.6
wpr-btc,wpr,btc,binance,1.39e-06,1.39e-06,1.38e-06,1.0000000000000116e-08,40281556.0
wpr-eth,wpr,eth,binance,5.132e-05,5.158e-05,5.086e-05,7.199999999999999e-07,3417843.0
qlc-btc,qlc,btc,binance,4.61e-06,4.61e-06,4.6e-06,9.999999999999904e-09,47698058.0
qlc-eth,qlc,eth,binance,0.00016898,0.00016998,0.00016873,1.2500000000000033e-06,825209.0
sys-btc,sys,btc,binance,8.21e-06,8.21e-06,8.17e-06,3.999999999999962e-08,6442872.0
sys-eth,sys,eth,binance,0.00029973,0.00030474,0.00030029,4.450000000000027e-06,767070.0
sys-bnb,sys,bnb,binance,0.0028,0.00281,0.00278,3.000000000000008e-05,590934.2
qlc-bnb,qlc,bnb,binance,0.00158,0.00158,0.001567,1.299999999999999e-05,1325341.0
grs-btc,grs,btc,binance,5.191e-05,5.216e-05,5.191e-05,2.499999999999993e-07,1290140.0
grs-eth,grs,eth,binance,0.00190573,0.00195587,0.00190967,4.620000000000015e-05,118944.0
ada-usd,ada,usd,binance,0.0758,0.07588,0.07579,9.000000000000674e-05,345674188.8
ada-bnb,ada,bnb,binance,0.0036,0.00361,0.0036,1.0000000000000026e-05,18486463.6
cloak-btc,cloak,btc,binance,0.0,0.0,0.0,0.0,0.0
cloak-eth,cloak,eth,binance,0.0,0.0,0.0,0.0,0.0
gnt-btc,gnt,btc,binance,1.029e-05,1.032e-05,1.029e-05,2.999999999999971e-08,2190276.0
gnt-eth,gnt,eth,binance,0.00038757,0.00038277,0.00037868,4.089999999999996e-06,352646.0
gnt-bnb,gnt,bnb,binance,0.0035,0.00355,0.0035,5.000000000000013e-05,260394.3
loom-btc,loom,btc,binance,8.62e-06,8.64e-06,8.61e-06,2.999999999999971e-08,8253450.0
loom-eth,loom,eth,binance,0.00031733,0.00032037,0.000317,3.3699999999999898e-06,1325218.0
loom-bnb,loom,bnb,binance,0.00293,0.00296,0.00293,3.000000000000008e-05,1174118.5
xrp-usd,xrp,usd,binance,0.32156,0.32156,0.32127,0.00029000000000001247,194636886.2
bcn-btc,bcn,btc,binance,0.0,0.0,0.0,0.0,0.0
bcn-eth,bcn,eth,binance,0.0,0.0,7e-06,-7e-06,0.0
bcn-bnb,bcn,bnb,binance,0.0,0.0,0.0,0.0,0.0
rep-btc,rep,btc,binance,0.002922,0.00292,0.002909,1.0999999999999725e-05,33144.093
rep-eth,rep,eth,binance,0.10785,0.10825,0.10722,0.0010300000000000031,2457.552
rep-bnb,rep,bnb,binance,0.998,1.0,0.992,0.008000000000000007,2800.567
tusd-btc,tusd,btc,binance,0.0,0.0,0.0,0.0,0.0
tusd-eth,tusd,eth,binance,0.0,0.0,0.0,0.0,0.0
tusd-bnb,tusd,bnb,binance,0.0,0.0,0.0,0.0,0.0
zen-btc,zen,btc,binance,0.001664,0.00167,0.001664,6.000000000000146e-06,77887.13
zen-eth,zen,eth,binance,0.06142,0.06246,0.06134,0.001120000000000003,6547.479
zen-bnb,zen,bnb,binance,0.57,0.57,0.567,0.0030000000000000027,17340.477
sky-btc,sky,btc,binance,0.000166,0.000166,0.000165,9.999999999999972e-07,229662.337
sky-eth,sky,eth,binance,0.00614,0.00614,0.00609,4.99999999999997e-05,29399.84
sky-bnb,sky,bnb,binance,0.056,0.057,0.056,0.0010000000000000009,50042.875
eos-usd,eos,usd,binance,5.5662,5.5639,5.5546,0.00930000000000053,12808111.69
eos-bnb,eos,bnb,binance,0.2642,0.2645,0.264,0.0005000000000000004,401124.92
cvc-btc,cvc,btc,binance,9.9e-06,9.94e-06,9.9e-06,3.999999999999962e-08,4774518.0
cvc-eth,cvc,eth,binance,0.00037064,0.00037019,0.00036173,8.46000000000001e-06,350576.0
cvc-bnb,cvc,bnb,binance,0.00335,0.00339,0.00337,1.999999999999962e-05,756707.3
theta-btc,theta,btc,binance,1.252e-05,1.252e-05,1.248e-05,3.999999999999962e-08,15424864.0
theta-eth,theta,eth,binance,0.00045952,0.0004659,0.00045917,6.729999999999985e-06,855353.0
theta-bnb,theta,bnb,binance,0.00427,0.00427,0.00426,1.000000000000046e-05,1004562.1
xrp-bnb,xrp,bnb,binance,0.01527,0.01532,0.01527,4.99999999999997e-05,11463167.6
tusd-usd,tusd,usd,binance,1.0006,1.0011,1.0007,0.000400000000000178,17118904.27
iota-usd,iota,usd,binance,0.3122,0.3126,0.3122,0.00040000000000001146,14340800.03
xlm-usd,xlm,usd,binance,0.1033,0.10328,0.10318,0.00010000000000000286,52912131.0
iotx-btc,iotx,btc,binance,1.32e-06,1.33e-06,1.32e-06,9.999999999999904e-09,346092049.0
iotx-eth,iotx,eth,binance,4.889e-05,4.915e-05,4.871e-05,4.4000000000000256e-07,10259759.0
qkc-btc,qkc,btc,binance,3.21e-06,3.22e-06,3.21e-06,9.999999999999904e-09,76899991.0
qkc-eth,qkc,eth,binance,0.00011893,0.00011927,0.00011821,1.0600000000000068e-06,6338327.0
agi-btc,agi,btc,binance,5.71e-06,5.73e-06,5.7e-06,3.000000000000056e-08,26552581.0
agi-eth,agi,eth,binance,0.00021293,0.00021424,0.00020974,4.500000000000001e-06,1112040.0
agi-bnb,agi,bnb,binance,0.00194,0.00197,0.00194,2.9999999999999862e-05,1374543.1
nxs-btc,nxs,btc,binance,4.3e-05,4.32e-05,4.3e-05,1.9999999999999809e-07,843839.2
nxs-eth,nxs,eth,binance,0.001601,0.001593,0.001582,1.0999999999999942e-05,58911.6
nxs-bnb,nxs,bnb,binance,0.0145,0.015,0.0146,0.0003999999999999993,125275.2
enj-bnb,enj,bnb,binance,0.006968,0.007039,0.007001,3.799999999999984e-05,5348322.0
data-btc,data,btc,binance,2.46e-06,2.45e-06,2.43e-06,1.999999999999981e-08,10307206.0
data-eth,data,eth,binance,8.936e-05,9.01e-05,8.909e-05,1.009999999999992e-06,1167914.0
ont-usd,ont,usd,binance,1.2084,1.2115,1.2086,0.0029000000000001247,8590715.09
trx-bnb,trx,bnb,binance,0.001195,0.001199,0.001195,3.99999999999988e-06,44871617.0
trx-usd,trx,usd,binance,0.02519,0.02519,0.02518,9.999999999999593e-06,1194789160.2
etc-usd,etc,usd,binance,6.0536,6.0535,6.0337,0.01980000000000004,1134272.43
etc-bnb,etc,bnb,binance,0.2884,0.2887,0.287,0.0017000000000000348,44605.49
icx-usd,icx,usd,binance,0.347,0.3481,0.347,0.0011000000000000454,9786206.63
sc-btc,sc,btc,binance,4.2e-07,4.2e-07,4.1e-07,1.000000000000001e-08,411341348.0
sc-eth,sc,eth,binance,1.539e-05,1.539e-05,1.536e-05,3.000000000000141e-08,56515794.0
sc-bnb,sc,bnb,binance,0.000143,0.000144,0.000142,1.9999999999999944e-06,62596446.0
npxs-btc,npxs,btc,binance,1e-07,1e-07,9e-08,9.999999999999997e-09,743781363.0
npxs-eth,npxs,eth,binance,3.33e-06,3.33e-06,3.32e-06,9.999999999999904e-09,957952993.0
ven-usd,ven,usd,binance,0.0,0.0,0.0,0.0,0.0
key-btc,key,btc,binance,4.5e-07,4.6e-07,4.5e-07,1.000000000000001e-08,101452841.0
key-eth,key,eth,binance,1.68e-05,1.678e-05,1.668e-05,9.999999999999904e-08,11472806.0
nas-btc,nas,btc,binance,0.0001356,0.0001356,0.0001352,3.999999999999826e-07,471464.2
nas-eth,nas,eth,binance,0.004975,0.005023,0.004978,4.49999999999999e-05,207170.11
nas-bnb,nas,bnb,binance,0.0463,0.04649,0.04605,0.00043999999999999595,19498.0
mft-btc,mft,btc,binance,5.1e-07,5.2e-07,5.1e-07,1.000000000000001e-08,335057435.0
mft-eth,mft,eth,binance,1.881e-05,1.895e-05,1.88e-05,1.5000000000000026e-07,35400462.0
mft-bnb,mft,bnb,binance,0.000175,0.000175,0.000174,9.999999999999972e-07,45875190.0
dent-btc,dent,btc,binance,1.2e-07,1.3e-07,1.2e-07,1.000000000000001e-08,346664406.0
dent-eth,dent,eth,binance,4.55e-06,4.55e-06,4.54e-06,9.999999999999904e-09,184868552.0
ardr-btc,ardr,btc,binance,1.048e-05,1.048e-05,1.044e-05,3.999999999999962e-08,1591959.0
ardr-eth,ardr,eth,binance,0.00038528,0.00038762,0.00038464,2.979999999999975e-06,307200.0
ardr-bnb,ardr,bnb,binance,0.00361,0.00359,0.00356,3.000000000000008e-05,266290.5
nuls-usd,nuls,usd,binance,0.6536,0.6576,0.6536,0.0040000000000000036,1490145.7
hot-btc,hot,btc,binance,1.9e-07,1.9e-07,1.8e-07,1.000000000000001e-08,1813415587.0
hot-eth,hot,eth,binance,6.64e-06,6.64e-06,6.63e-06,9.999999999999904e-09,802257599.0
vet-btc,vet,btc,binance,8.9e-07,9e-07,8.9e-07,1.000000000000001e-08,716671424.0
vet-eth,vet,eth,binance,3.286e-05,3.307e-05,3.28e-05,2.700000000000025e-07,151978868.0
vet-usd,vet,usd,binance,0.006401,0.006427,0.006401,2.600000000000085e-05,576311129.0
vet-bnb,vet,bnb,binance,0.00031,0.00031,0.0003,1.0000000000000026e-05,70865519.5
dock-btc,dock,btc,binance,1.69e-06,1.69e-06,1.68e-06,9.999999999999904e-09,122575233.0
dock-eth,dock,eth,binance,6.2e-05,6.233e-05,6.193e-05,3.9999999999999617e-07,3691657.0
poly-btc,poly,btc,binance,1.225e-05,1.231e-05,1.225e-05,6.000000000000112e-08,4337111.0
poly-bnb,poly,bnb,binance,0.00416,0.00422,0.00417,4.99999999999997e-05,623397.1
phx-btc,phx,btc,binance,1.73e-06,1.74e-06,1.73e-06,1.0000000000000116e-08,101933944.0
phx-eth,phx,eth,binance,6.441e-05,6.443e-05,6.336e-05,1.0700000000000016e-06,4239288.0
phx-bnb,phx,bnb,binance,0.000608,0.000608,0.000589,1.9000000000000028e-05,5787120.0
hc-btc,hc,btc,binance,0.0001612,0.0001613,0.0001612,1.0000000000000243e-07,134693.94
hc-eth,hc,eth,binance,0.005966,0.006021,0.005894,0.00012700000000000038,7786.56
go-btc,go,btc,binance,2.72e-06,2.73e-06,2.71e-06,2.0000000000000232e-08,59760709.0
go-bnb,go,bnb,binance,0.000923,0.000932,0.000924,7.999999999999978e-06,4233833.0
pax-btc,pax,btc,binance,0.0,0.0,0.0,0.0,0.0
pax-bnb,pax,bnb,binance,0.0,0.0,0.0,0.0,0.0
pax-usd,pax,usd,binance,1.0002,1.0004,1.0001,0.00029999999999996696,21268605.79
pax-eth,pax,eth,binance,0.0,0.0,0.0,0.0,0.0
rvn-btc,rvn,btc,binance,6.89e-06,6.91e-06,6.88e-06,2.999999999999971e-08,92541289.0
rvn-bnb,rvn,bnb,binance,0.002351,0.002356,0.002343,1.299999999999999e-05,8502699.0
dcr-btc,dcr,btc,binance,0.004065,0.004092,0.00406,3.199999999999991e-05,9366.8
dcr-bnb,dcr,bnb,binance,1.396,1.397,1.385,0.01200000000000001,1427.781
usdc-bnb,usdc,bnb,binance,0.0,0.0,0.0,0.0,0.0
usdc-btc,usdc,btc,binance,0.0,0.0,0.0,0.0,0.0
mith-btc,mith,btc,binance,5.01e-06,5e-06,4.98e-06,2.0000000000000656e-08,30241505.0
mith-bnb,mith,bnb,binance,0.00171,0.00171,0.00169,1.9999999999999836e-05,2634367.4
bchabc-btc,bchabc,btc,binance,0.049736,0.049773,0.049735,3.799999999999637e-05,180253.359
bchsv-btc,bchsv,btc,binance,0.0,0.0,0.0,0.0,0.0
bchabc-usd,bchabc,usd,binance,357.09,357.36,357.1,0.2599999999999909,321215.86953
bchsv-usd,bchsv,usd,binance,0.0,0.0,0.0,0.0,0.0
ren-btc,ren,btc,binance,3.74e-06,3.75e-06,3.74e-06,9.999999999999904e-09,19393672.0
ren-bnb,ren,bnb,binance,0.00126,0.0013,0.00127,2.9999999999999862e-05,2019270.7
usdc-usd,usdc,usd,binance,1.0006,1.0012,1.0006,0.000600000000000156,18470120.74
link-usd,link,usd,binance,0.6905,0.6902,0.6854,0.0048000000000000265,3050132.05
waves-usd,waves,usd,binance,2.4629,2.4629,2.4517,0.011199999999999655,929771.3
btt-btc,btt,btc,binance,9e-08,1e-07,9e-08,9.999999999999997e-09,2776221515.0
btt-bnb,btt,bnb,binance,3.16e-05,3.163e-05,3.15e-05,1.3000000000000045e-07,1458248149.0
btt-usd,btt,usd,binance,0.0006643,0.0006646,0.0006632,1.400000000000034e-06,16149991606.0
usds-usd,usds,usd,binance,0.9849,0.9876,0.9837,0.0039000000000000146,685126.82
ong-bnb,ong,bnb,binance,0.01874,0.01886,0.01858,0.000279999999999999,74040.0
ong-btc,ong,btc,binance,5.446e-05,5.461e-05,5.443e-05,1.8000000000000166e-07,1159843.0
ong-usd,ong,usd,binance,0.3904,0.3935,0.3904,0.0030999999999999917,820145.4
hot-bnb,hot,bnb,binance,6.156e-05,6.18e-05,6.121e-05,5.899999999999927e-07,159884599.0
hot-usd,hot,usd,binance,0.0012943,0.001299,0.0012898,9.200000000000007e-06,1138552889.0
zil-usd,zil,usd,binance,0.01642,0.01651,0.01642,8.99999999999998e-05,98242076.3
zrx-bnb,zrx,bnb,binance,0.01388,0.01392,0.01382,9.99999999999994e-05,215847.1
zrx-usd,zrx,usd,binance,0.292,0.2932,0.291,0.0022000000000000353,2139658.73
fet-bnb,fet,bnb,binance,0.00508,0.00516,0.00511,4.99999999999997e-05,1806574.5
fet-btc,fet,btc,binance,1.506e-05,1.507e-05,1.497e-05,9.999999999999904e-08,12429687.0
fet-usd,fet,usd,binance,0.1082,0.1084,0.1078,0.0005999999999999894,35753791.38
bat-usd,bat,usd,binance,0.38,0.3805,0.38,0.0005000000000000004,19858453.65
xmr-bnb,xmr,bnb,binance,3.762,3.77,3.752,0.018000000000000238,2364.833
xmr-usd,xmr,usd,binance,79.19,79.19,78.86,0.3299999999999983,16569.9311
zec-bnb,zec,bnb,binance,3.032,3.043,3.025,0.018000000000000238,1719.974
zec-usd,zec,usd,binance,64.04,64.14,63.55,0.5900000000000034,14188.19975
iost-bnb,iost,bnb,binance,0.0006331,0.0006371,0.0006305,6.600000000000052e-06,11981290.0
iost-usd,iost,usd,binance,0.013397,0.013389,0.013267,0.00012200000000000058,203667665.0
celr-bnb,celr,bnb,binance,0.000396,0.000396,0.000395,9.9999999999997e-07,23976750.0
celr-btc,celr,btc,binance,1.16e-06,1.17e-06,1.16e-06,1.0000000000000116e-08,229775101.0
celr-usd,celr,usd,binance,0.00833,0.00836,0.00832,4.0000000000000105e-05,350307581.1
dash-bnb,dash,bnb,binance,5.868,5.891,5.842,0.04900000000000038,1240.951
dash-usd,dash,usd,binance,123.53,124.21,122.96,1.25,7356.1935
nano-usd,nano,usd,binance,1.62,1.6245,1.6113,0.0132000000000001,971548.34
omg-bnb,omg,bnb,binance,0.08347,0.08446,0.08344,0.0010199999999999931,36961.4
omg-usd,omg,usd,binance,1.7675,1.7701,1.7594,0.010699999999999932,327705.45
theta-usd,theta,usd,binance,0.08871,0.08999,0.08917,0.0008200000000000013,5437806.9
enj-usd,enj,usd,binance,0.14751,0.14818,0.14748,0.0007000000000000062,19793658.5
mith-usd,mith,usd,binance,0.0358,0.03605,0.0358,0.0002500000000000002,15453663.7
matic-bnb,matic,bnb,binance,0.000221,0.000221,0.00022,9.999999999999972e-07,156187305.0
matic-btc,matic,btc,binance,6.5e-07,6.5e-07,6.4e-07,1.000000000000001e-08,1913585276.0
matic-usd,matic,usd,binance,0.00463,0.00466,0.00465,1.000000000000046e-05,686133836.8
atom-bnb,atom,bnb,binance,0.1891,0.1893,0.1884,0.0008999999999999841,268866.47
atom-btc,atom,btc,binance,0.0005531,0.0005545,0.0005514,3.100000000000021e-06,1411351.72
atom-usd,atom,usd,binance,3.97,3.972,3.96,0.01200000000000001,1428096.825
